{"Cs-131": [29.458, 29.778, 33.726, 34.03, 29.458, 29.778, 33.726, 34.03], "Cs-134": [23.12, 210.2, 127.502, 569.331, 604.721, 795.864, 4.749, 30.973, 4.749, 30.973], "Cs-137": [174.32, 661.657], "Fe-55": [5.899, 5.899], "Fe-59": [80.94, 149.21, 1099.245, 1291.59], "B-8": [123.9, 6732.0, 511.0], "C-11": [385.7, 511.0], "N-16": [1941.7, 4979.8, 6128.63], "Ar-42": [233.0], "Ca-45": [76.86], "Ca-47": [242.66, 818.91, 1297.09], "Sc-44": [630.2, 271.251, 1157.022, 511.0], "Sc-46": [111.8, 142.528, 889.277, 1120.545], "Sc-47": [142.6, 203.9, 159.381], "Sc-48": [227.3, 983.526, 1037.522, 1312.12], "Ti-44": [67.8679, 78.3234, 4.091, 4.091], "V-48": [291.4, 983.525, 1312.105, 511.0], "V-49": [4.511, 4.511], "Cr-51": [4.952, 4.952], "Mn-52": [241.59, 1174.01, 744.233, 935.544, 1434.06, 1434.092, 511.0, 511.0, 5.415, 5.415], "Mn-54": [834.848, 5.415, 5.415], "Co-56": [631.2, 846.77, 1037.843, 1238.288, 1771.357, 2598.5, 511.0, 6.404, 6.404], "Co-57": [122.06065, 136.47356, 6.391, 6.404, 6.391, 6.404], "Co-58": [201.1, 810.7593, 511.0, 6.404, 6.93, 6.404, 6.93], "Ni-63": [17.4394], "Cu-64": [190.74, 278.008, 511.0], "Cu-67": [121.0, 154.0, 189.0, 93.311, 99.9, 184.577, 554.2, 833.1, 860.9, 1115.4, 1669.6, 2502.6], "Zn-65": [1115.539, 8.028, 8.048, 8.028, 8.048], "Zn-69": [321.6, 438.634], "Zn-71": [567.9, 948.6, 1190.4, 386.371, 487.402, 511.556, 511.6, 595.916, 620.084], "Zn-72": [67.44, 82.74, 144.7, 9.225, 9.252, 9.225, 9.252], "Ga-66": [1904.1, 1039.22, 2751.835, 511.0, 8.639, 8.639], "Ga-67": [93.31, 184.576, 300.217, 8.616, 8.639, 8.616, 8.639], "Ga-68": [836.02, 511.0], "Ga-70": [647.96], "Ga-72": [219.14, 225.64, 344.04, 629.967, 834.13, 894.327, 2201.586, 2507.718], "Ga-73": [461.31, 53.45, 297.32, 325.7, 9.856, 9.887, 9.856, 9.887], "Ge-68": [9.225, 9.252, 9.225, 9.252], "Ge-71": [174.956, 9.225, 9.252, 9.856, 9.887, 9.225, 9.252, 9.856, 9.887], "As-73": [53.437, 9.856, 9.887, 11.026, 11.038, 9.856, 9.887, 11.026, 11.038], "As-74": [242.75, 530.8, 408.0, 595.83, 634.78, 511.0], "Se-72": [45.89, 10.509, 10.544, 10.509, 10.544], "Se-75": [121.1155, 136.0001, 264.6576, 279.5422, 400.6572, 10.509, 10.544, 10.509, 10.544], "Br-75": [772.5, 286.5, 511.0], "Br-76": [1528.0, 45.48, 559.12, 657.09, 1853.64, 511.0, 11.223, 11.879, 11.925, 13.345, 13.377, 11.223, 11.879, 11.925, 13.345, 13.377], "Br-77": [105.87, 238.98, 520.69, 11.183, 11.223, 11.879, 11.925, 11.183, 11.223, 11.879, 11.925], "Br-80": [804.0, 37.052, 11.879, 11.925, 13.345, 13.377, 11.879, 11.925, 13.345, 13.377], "Br-82": [137.92, 554.352, 619.105, 698.361, 776.511, 827.826, 1044.005, 1317.485, 1474.895, 11.879, 11.925, 11.879, 11.925], "Kr-79": [130.01, 261.29, 511.0, 11.879, 11.925, 12.596, 12.649, 11.879, 11.925, 12.596, 12.649], "Rb-82": [353.0, 1169.0, 1536.0, 554.35, 619.11, 698.37, 776.511, 776.52, 827.83, 1044.08, 1317.43, 1474.88, 511.0, 511.0, 12.596, 12.649, 12.596, 12.649], "Rb-83": [520.3991, 529.5945, 552.5512, 12.596, 12.649, 14.209, 12.596, 12.649, 14.209], "Rb-84": [340.5, 758.5, 215.61, 248.02, 463.62, 881.6041, 511.0, 12.596, 12.649, 12.596, 12.649], "Rb-86": [710.11, 556.07], "Sr-82": [13.336, 13.396, 13.336, 13.396], "Sr-83": [529.3, 548.1, 259.1, 381.53, 762.65, 511.0, 13.336, 13.396, 15.021, 15.07, 13.336, 13.396, 15.021, 15.07], "Sr-85": [151.194, 231.86, 514.0048, 13.336, 13.396, 13.336, 13.396], "Sr-89": [587.1], "Y-87": [380.79, 388.5276, 484.805, 14.098, 14.165, 15.955, 14.098, 14.165, 15.955], "Y-88": [231.929, 392.87, 442.62, 898.042, 1836.063, 14.098, 14.165, 14.098, 14.165], "Y-90": [932.4, 202.53, 479.51], "Y-91": [604.31, 555.57], "Zr-88": [76.99, 271.8, 392.87, 399.41, 671.2, 1057.01, 1082.53, 14.883, 14.958, 15.691, 15.775, 16.88, 14.883, 14.958, 15.691, 15.775, 16.88], "Zr-89": [395.5, 587.8, 909.15, 511.0, 14.883, 14.958, 14.883, 14.958], "Zr-95": [109.39, 120.61, 724.192, 756.725], "Nb-91": [194.1, 1790.6, 1984.6, 15.691, 15.775, 16.521, 16.521, 16.615, 16.615, 17.824, 15.691, 15.775, 16.521, 16.521, 16.615, 16.615, 17.824], "Nb-95": [43.34, 235.69, 765.803, 16.521, 16.615, 16.521, 16.615], "Mo-93": [263.049, 684.693, 1477.138, 16.521, 16.615, 17.479, 18.694, 18.795, 16.521, 16.615, 17.479, 18.694, 18.795], "Mo-99": [133.2, 442.9, 739.5], "Tc-96": [778.22, 812.54, 849.86, 1126.85, 17.374, 17.479, 18.367, 19.794, 17.374, 17.479, 18.367, 19.794], "Tc-97": [17.374, 17.479, 18.25, 18.367, 19.794, 17.374, 17.479, 18.25, 18.367, 19.794], "Tc-98": [118.5, 652.41, 745.35], "Ru-97": [215.7, 324.49, 18.25, 18.367, 20.695, 20.82, 18.25, 18.367, 20.695, 20.82], "Ru-103": [64.1, 210.7, 497.085, 19.15, 19.279, 19.15, 19.279], "Ru-106": [10.03], "Rh-99": [89.76, 340.8, 353.05, 528.24, 617.8, 1261.2, 511.0, 19.15, 19.15, 19.279, 19.279, 21.736, 21.875, 21.875, 19.15, 19.15, 19.279, 19.279, 21.736, 21.875, 21.875], "Rh-101": [127.226, 198.01, 306.857, 325.23, 19.15, 19.15, 19.279, 19.279, 21.736, 21.875, 21.875, 19.15, 19.15, 19.279, 19.279, 21.736, 21.875, 21.875], "Rh-102": [413.0, 582.0, 475.06, 475.06, 631.29, 697.49, 766.84, 1046.59, 1112.84, 511.0, 19.15, 19.15, 19.279, 19.279, 21.736, 21.875, 19.15, 19.15, 19.279, 19.279, 21.736, 21.875], "Rh-105": [69.72, 179.31, 129.782, 319.231, 20.073, 20.215, 20.073, 20.215], "Pd-100": [74.78, 84.0, 20.073, 20.215, 22.806, 22.957, 20.073, 20.215, 22.806, 22.957], "Pd-103": [20.073, 20.215, 22.806, 22.957, 20.073, 20.215, 22.806, 22.957], "Ag-105": [64.072, 280.54, 344.61, 443.44, 644.63, 21.02, 21.177, 23.904, 24.07, 21.02, 21.177, 23.904, 24.07], "Ag-111": [360.4, 22.163, 22.163], "Cd-107": [3.218, 21.99, 22.163, 25.03, 25.211, 3.218, 21.99, 22.163, 25.03, 25.211], "Cd-109": [203.2, 259.5, 3.218, 21.99, 22.163, 22.983, 23.173, 25.03, 25.211, 3.218, 21.99, 22.163, 22.983, 23.173, 25.03, 25.211], "Cd-115": [186.19, 396.22, 617.6, 336.241, 527.901, 24.001, 24.209, 24.001, 24.209], "In-111": [171.28, 245.35, 537.0, 22.983, 23.173, 26.184, 26.381, 22.983, 23.173, 26.184, 26.381], "Sb-125": [24.91, 34.74, 86.94, 215.47, 427.874, 463.365, 600.597, 635.95, 27.202, 27.473, 27.202, 27.473], "Te-121": [212.189, 507.591, 573.139, 26.111, 26.359, 27.202, 27.473, 29.821, 30.069, 26.111, 26.359, 27.202, 27.473, 29.821, 30.069], "Te-127": [227.8, 27.202, 27.473, 27.202, 27.473], "Te-129": [546.6, 609.0, 27.81, 27.473, 27.473], "I-123": [159.0, 27.202, 27.473, 31.093, 31.359, 27.202, 27.473, 31.093, 31.359], "I-124": [687.04, 974.74, 602.73, 722.78, 1690.96, 511.0, 27.202, 27.473, 31.359, 27.202, 27.473, 31.359], "I-125": [4.135, 27.202, 27.473, 31.093, 31.359, 4.135, 27.202, 27.473, 31.093, 31.359], "I-131": [191.58, 364.489], "I-135": [324.3, 498.8, 1131.511, 1260.409], "Xe-125": [111.3, 141.4, 188.418, 243.378, 4.335, 28.318, 28.613, 29.458, 29.778, 32.395, 32.68, 34.03, 4.335, 28.318, 28.613, 29.458, 29.778, 32.395, 32.68, 34.03], "Xe-127": [124.6, 172.132, 172.5, 202.86, 374.991, 28.318, 28.613, 29.458, 29.778, 32.395, 32.68, 28.318, 28.613, 29.458, 29.778, 32.395, 32.68], "Xe-133": [100.62, 80.9979, 233.221, 29.458, 29.778, 30.625, 30.973, 29.458, 29.778, 30.625, 30.973], "Xe-135": [310.2, 249.794, 526.561], "Ba-131": [108.45, 123.804, 216.088, 373.256, 496.321, 4.749, 4.966, 30.625, 30.973, 31.816, 32.193, 35.089, 35.414, 4.749, 4.966, 30.625, 30.973, 31.816, 32.193, 35.089, 35.414], "Ba-133": [80.9979, 275.925, 302.8508, 356.0129, 4.749, 4.966, 30.625, 30.973, 31.816, 32.193, 35.089, 35.414, 36.827, 4.749, 4.966, 30.625, 30.973, 31.816, 32.193, 35.089, 35.414, 36.827], "Ba-140": [140.7, 344.6, 361.6, 29.966, 537.261, 5.185, 5.185], "La-137": [31.816, 32.193, 36.482, 36.827, 31.816, 32.193, 36.482, 36.827], "Ce-134": [5.185, 33.034, 33.442, 37.908, 38.273, 5.185, 33.034, 33.442, 37.908, 38.273], "Ce-139": [165.8575, 754.24, 5.185, 33.034, 33.442, 37.908, 38.273, 5.185, 33.034, 33.442, 37.908, 38.273], "Ce-141": [130.78, 181.9, 145.4433], "Ce-143": [240.0, 387.4, 510.5, 57.356, 293.266, 35.551, 36.027, 41.266, 35.551, 36.027, 41.266], "Ce-144": [50.2, 91.1, 133.515], "Pr-142": [834.2], "Pr-143": [315.08],